{"cameraMode":{"drawMode":0,"name":"Shaded","section":"Shading Mode"},"sceneLighting":true,"audioPlay":false,"sceneViewState":{"m_AlwaysRefresh":false,"showFog":true,"showSkybox":true,"showFlares":true,"showImageEffects":true,"showParticleSystems":true,"showVisualEffectGraphs":true,"m_FxEnabled":true},"in2DMode":false,"pivot":{"x":0.0860762819647789,"y":0.07776673138141632,"z":-0.03357513248920441},"rotation":{"x":-0.23362456262111665,"y":0.006414786912500858,"z":-0.001540964818559587,"w":-0.9723047018051148},"size":0.1818804293870926,"orthographic":false}