{"cameraMode":{"drawMode":0,"name":"Shaded","section":"Shading Mode"},"sceneLighting":false,"audioPlay":false,"sceneViewState":{"m_AlwaysRefresh":false,"showFog":true,"showSkybox":false,"showFlares":true,"showImageEffects":true,"showParticleSystems":true,"showVisualEffectGraphs":true,"m_FxEnabled":true},"in2DMode":false,"pivot":{"x":0.0011164667084813119,"y":0.021067794412374498,"z":-0.03508555889129639},"rotation":{"x":-0.14453668892383576,"y":0.7399565577507019,"z":-0.16843026876449586,"w":-0.6349837779998779},"size":0.04561520367860794,"orthographic":false}