{"cameraMode":{"drawMode":0,"name":"Shaded","section":"Shading Mode"},"sceneLighting":false,"audioPlay":false,"sceneViewState":{"m_AlwaysRefresh":false,"showFog":true,"showSkybox":false,"showFlares":true,"showImageEffects":true,"showParticleSystems":true,"showVisualEffectGraphs":true,"m_FxEnabled":true},"in2DMode":false,"pivot":{"x":-0.0011164667084813119,"y":0.0212165005505085,"z":0.03508555889129639},"rotation":{"x":-0.23362456262111665,"y":0.006414786912500858,"z":-0.001540964818559587,"w":-0.9723047018051148},"size":0.04586001858115196,"orthographic":false}