{"cameraMode":{"drawMode":0,"name":"Shaded","section":"Shading Mode"},"sceneLighting":true,"audioPlay":false,"sceneViewState":{"m_AlwaysRefresh":false,"showFog":true,"showSkybox":true,"showFlares":true,"showImageEffects":true,"showParticleSystems":true,"showVisualEffectGraphs":true,"m_FxEnabled":true},"in2DMode":false,"pivot":{"x":-0.18193428218364716,"y":0.40873685479164126,"z":-0.440456360578537},"rotation":{"x":-0.2943822145462036,"y":-0.0022960780188441278,"z":0.0007072228472679853,"w":-0.9556856751441956},"size":4.975723743438721,"orthographic":false}